INSERT INTO
    Categorie (nome_categoria)
VALUES
    ('Piante da esterno'),
    -- ID = 1
    ('Piante da interno'),
    -- ID = 2
    ('Piante da cucina'),
    -- ID = 3
    ('Bulbi e sementi'),
    -- ID = 4
    ('Vasi e arredo');
    -- ID = 5

-- Inserimento sottocategorie
INSERT INTO
    SottoCategorie (id_categoria, nome_sottocategoria)
VALUES
    ('Piante da esterno', 'Alberi e cespugli'), -- ID_sc = 1,
    ('Piante da esterno', 'Piante perenni e Graminacee'), -- ID_sc = 2,
    ('Piante da esterno', 'Piante acquatiche'), -- ID_sc = 3,
    ('Piante da esterno', 'Fiori annuali'); -- ID_sc = 4;

INSERT INTO
    SottoCategorie (id_categoria, nome_sottocategoria)
VALUES
    ('Piante da cucina', 'Piante da frutto'), -- ID_sc = 5,
    ('Piante da cucina', 'Piante da orto'), -- ID_sc = 6,
    ('Piante da cucina', 'Piante aromatiche'); -- ID_sc = 7;

INSERT INTO
    SottoCategorie (id_categoria, nome_sottocategoria)
VALUES
    ('Bulbi e sementi', 'Sementi'), -- ID_sc = 8,
    ('Bulbi e sementi', 'Bulbi'); -- ID_sc = 9;

INSERT INTO
    SottoCategorie (id_categoria, nome_sottocategoria)
VALUES
    ('Vasi e arredo', 'Vasi e fioriere'), -- ID_sc = 10,
    ('Vasi e arredo', 'Supporti di coltivazione'); -- ID_sc = 11,

INSERT INTO
    SottoCategorie (id_categoria, nome_sottocategoria)
VALUES
    ('Piante da interno', 'Piante Pet Friendly'), -- ID_sc = 13,
    ('Piante da interno', 'Piante non Pet Friendly'); -- ID_sc = 14;


-- Inserimento prodotti

INSERT INTO -- Piante da interno pet friendly
    Prodotti (
        id_sottocategoria,
        nome_prodotto,
        prezzo,
        stock,
        nome_volgare,
        nome_scientifico,
        famiglia,
        genere,
        specie,
        dimensioni,
        profumo,
        tipologia_foglia,
        colore_foglia,
        descrizione
    )
VALUES
    ('Piante Pet Friendly', 'Adiantum hispidulum', 8.80, 30, 'Felce capelvenere ruvida', '', 'Pteridaceae', 'Adiantum', 'A. hispidulum', '12 x 12 x 20 cm', 'Non profumata', 'Semipersistente', 'Bronzo, Rosa, Verde', "La pianta di Adiantum hispidulum è una felce d’appartamento proveniente dalle zone tropicali dell’Africa, Australia, Polinesia, Malesia, Nuova Zelanda ed altre isole del Pacifico. Una felce sempreverde dalle fronde striscianti rosa, poi verde scuro bronzato, gli steli sono neri e lucidi. Predilige la luce moderata ma diffusa, schermata nei mesi/ore di forte insolazione. In primavera-estate è da annaffiare abbondantemente e tenere alta l’umidità ambientale vaporizzando le sue fronde. Per pulire le sue foglie usare solamente un panno umido."),
    ('Piante Pet Friendly', 'Beaucarnea recurvata', 30.90, 16, 'Pianta mangiauomo', 'Nolina recurvata', 'Asparagaceae', 'Beaucarnea', 'B. Recurvata', '14 x 14 x 40 cm', 'Non profumata', 'Sempreverde', 'Verde', "La pianta di Beaucarnea recurvata è una pianta perenne sempreverde coltivata come pianta d’appartamento, straordinaria e molto decorativa, apprezzata per la sua estetica unica e la facilità di coltivazione. È originaria del Messico, dove cresce in ambienti semi-aridi, immagazzinando l’acqua nel suo caratteristico tronco rigonfio (da qui il nome “pianta piede d’elefante”). Questo adattamento la rende estremamente resistente alla siccità e ideale per chi desidera una pianta bella ma poco esigente. Il suo aspetto è immediatamente riconoscibile: il tronco, spesso e bulboso alla base, funge da serbatoio d’acqua e si slancia verso l’alto con ciuffi di foglie sottili e arcuate, che ricadono elegantemente come una cascata verde, lunghe fino ad 1 metro. Raramente sviluppa pannocchie di piccoli fiori bianchi in estate. La Beaucarnea recurvata, nota anche come “pianta mangiafumo”, riceve questo nome popolare principalmente grazie alla sua capacità di purificare l’aria. Si crede che questa pianta possa assorbire e neutralizzare le sostanze nocive presenti nell’ambiente, inclusi i composti volatili che derivano dal fumo di sigaretta, rendendo l’aria più pulita. La sua resistenza e capacità di adattarsi a condizioni difficili contribuiscono ulteriormente alla sua fama come “mangiafumo”, anche se è più un nome simbolico che scientifico. Non esiste una prova diretta che questa pianta elimini il fumo in maniera effettiva, ma è apprezzata come purificatrice naturale dell’aria. Questa pianta predilige una posizione luminosa."),
    ('Piante acquatiche', 'Iris pseudacorus', 9.40 ,6, 'Giaggiolo acquatico', 'Iris pseudacorus', 'Iridaceae', 'Iris', 'I. pseudacorus', '20 x 20 x 150 cm', 'Non profumata', 'Fiore', 'Giallo', 'È una pianta erbacea perenne, alta 1-1,5 m (o raramente 2 m), con foglie erette lunghe fino a 90 cm e larghe 3 cm. I fiori, raccolti in un infiorescenza che termina con un fiore apicale, sono di un giallo brillante, con la tipica forma da Iris ma con lacinie esterne non barbate. Il frutto è una capsula lunga 4–7 cm, contenente semi marrone chiaro.'),
    ('Alberi e cespugli', 'Ginkgo biloba', 31.70 ,2, 'ALbero dei 40 scudi', 'Ginkgo biloba', 'Ginkgoaceae', 'Ginkgo', '	G. biloba', '120-140 cm', 'Non profumata', 'Caducifoglia', 'Verde', 'Ginkgo biloba L., 1771 è una pianta gimnosperma, unica specie ancora sopravvissuta della famiglia Ginkgoaceae, dell intero ordine Ginkgoales Engler, 1898 e della divisione delle Ginkgophyta. È un albero antichissimo le cui origini risalgono a 250 milioni di anni fa nel Permiano e per questo è considerato un fossile vivente. È una specie relitta, deve la sua resilienza all elevata resistenza alla siccità e al freddo (−34 °C) e all’inquinamento atmosferico. Il Ginkgo biloba è il simbolo della città di Tokyo.'),
    ('Piante perenni e Graminacee', 'Dicksonia antarctica', 25.30 ,6, 'Felce arborea morbida', 'Dicksonia antarctica', 'Dicksoniaceae', 'Dicksonia', 'D. antarctica', 'Ø24cm: 60 – 80 cm', 'Non profumata', 'Sempreverde', 'Verde', 'Può raggiungere i 15 metri di altezza, il tronco consiste di un rizoma eretto con fitta peluria alla base. Le fronde possono estendersi per un diametro di 2-8 metri. La riproduzione avviene principalmente tramite spore però anche polloni basali. La crescita è tra i 3,5 e i 5 cm all anno e la produzione di spore inizia intorno ai 20 anni'),
    ('Sementi', 'Asparago argenteuil (Semi)', 1.90 , 200, 'non specificato', 'non specificato', 'non specificato', 'non specificato', 'non specificato', 'non specificato', 'non specificato', 'non specificato', 'non specificato', 'Varietà molto apprezzata per i turioni di colore verde-rosato, teneri gustosi e saporiti . Tenere i semi in acqua tiepida per 2 giorni prima di seminare a 1/2 cm di profondità; trapiantare le zampe anno successivo.'),
    ('Bulbi', 'Freesia Single Pink', 9.40 ,6, 'non specificato', 'non specificato', 'non specificato', 'non specificato', 'non specificato', 'non specificato', 'Profumata', 'Fiore', 'Viola', '(10 bulbi) Stupende, colorate e facili da coltivare'),
    ('Piante aromatiche', 'Maggiorana', 6.90 ,30, 'Maggiorana', 'Origanum majorana', 'Lamiaceae', 'Origanum', 'O. majorana', '10 x 10 x 30 cm', 'Profumata', 'Semipersistente', 'Argento, Grigio, Verde', 'La pianta aromatica di Maggiorana (Origanum majorana) è una officinale erbacea perenne originaria dell’Europa sudoccidentale e della Turchia. Sviluppa steli ramificati, con foglie verde-grigio, ovate o ellittiche, con soffice peluria, lunghe 0,3-3 cm. Genera pannocchie di fiori bianchi, tubulari, lunghi 8 mm, con brattee verde-grigio, lunghe fino a 4 mm, che sbocciano dall’inizio a fine estate. La Maggiorana ha un aroma simile a quello dell’Origano ma molto più dolce. In cucina è utilizzata cruda o quasi al termine della cottura, per insaporire carni in umido, pesce, pizza, verdure stufate e minestre, funghi, legumi e lenticchie. Le foglie vengono raccolte in ogni periodo dell’anno per essere essiccate, congelate o poste a macerare in olio e aceto. Molto spesso è usata al posto dell’Oigano o assieme ad esso. Da utilizzare con parsimonia dato il suo intenso sapore dolce. Le infiorescenze molto aromatiche, possono essere usate su zuppe, stufati e frittate. Le piante erbacee perenni vivono tutto l’anno e sopportano le temperature più rigide. Possono incorrere in una fase di riposo vegetativo durante la stagione avversa, riprendono poi la fase di vegetazione quando le condizioni torneranno favorevoli.'),
    ('Piante da frutto', 'Goji rosso', 31.70 ,30, 'Bacche di Goji','Lycium barbarum' ,'Solanaceae', 'Lycium', 'L. barbarum', '60 - 80 cm', 'Non profumata', 'Caducifoglia', 'Verde', 'Pianta perenne sempreverde, che cresce in forma arbustiva e produce fiori color lavanda da Giugno a Settembre, che poi si trasformano in piccole bacche rosse dal gusto zuccherino o amarognolo, a seconda della varietà. La maturazione dei frutti avviene alla fine dell’estate (circa da Luglio ad Ottobre). Le bacche possono essere consumate fresche o essiccate, per averle a disposizione oltre il periodo di maturazione. La pianta può raggiungere 3 metri di altezza e può essere coltivata in giardino lungo siepi o prati o anche su terrazzi in vasi e fioriere, con una buona esposizione al sole. Necessita di un terreno soffice e ben drenato, va irrigata abbastanza frequentemente durante l’estate e in periodi caldi. Per uno sviluppo rigoglioso della pianta, concimare periodicamente con fertilizzanti organici. Non soffre il gelo, però è consigliabile riparare le piante piccole dal freddo eccessivo dell’inverno.'),
    ('Piante da orto', 'Smallanthus sonchifolius', 24.10 ,6, 'Patata dei diabetici', 'Polymnia sonchifolia', 'Asteraceae', 'Smallanthus', 'S. sonchifolius', 'Ø 15 cm', 'Non profumata', 'Caducifoglia', 'Verde', 'La pianta di Smallanthus sonchifolius (Yacón) è una erbacea perenne di origini antichissime, che appartiene alla famiglia delle Asteraceae e proviene dalle regioni andine dell’America Latina. All’inizio dell’estate sviluppa grandi fiori di colore giallo ocra, su grandi foglie di colore verde chiaro. Può raggiungere l’altezza di circa 100-150 cm. Genera grosse radici tuberizzate commestibili, dal sapore dolciastro e dall’alto contenuto di acqua.'),
    ('Piante non Pet Friendly', 'Codonanthe crassifolia', 34.20 ,6, 'non specificato', 'Codonanthe crassifolia', 'Gesneriaceae', 'Codonanthe', ' C. crassifolia', '10 - 20 cm', 'Non profumata', 'Sempreverde', 'Verde', 'La pianta di Codonanthe crassifolia è una pianta d’appartamento che appartiene alla famiglia delle Gesneriaceae e che genera fusti prostrati e radicanti nei nodi, oppure penduli. Sviluppa foglie da ellittiche a ovate, cerose, di colore verde da medio a cupo, lunghe 5 cm o più, con ghiandole rosse sulla pagina inferiore. Dalla primavera all’estate produce cime ascellari di 1-4 fiori bianchi, lunghi 2-2,5 cm, con gola gialla. Predilige un’esposizione luminosa, schermata nei mesi/ore di forte insolazione. '),
    ('Vasi e fioriere', 'Vaso VIBES FOLD COUPE', 10.80 ,6, 'non specificato', 'non specificato', 'non specificato', 'non specificato', 'non specificato', 'Ø 14', 'non specificato', 'non specificato', 'non specificato', 'Adatto per interni dal moderno motivo decorativo si inserisce perfettamente negli ambienti accoglienti, alla moda e simpatici. Vibes Fold Coupe è una nuova famiglia di vasi per interni, che aumentano le vibrazioni positive di un ambiente accogliente, armonioso, alla moda e simpatico. Ha forma rotonda e organica e i suoi colori tenui e il motivo decorativo mettono in massima evidenza la bellezza delle tue piante d’appartamento. Prodotto con plastica riciclata, prodotto grazie alla nostra turbina eolica, 100% riciclabile. Disponibile in diversi colori di tendenza. Non scolorisce, è facile da pulire e a prova d’urto.'),
    ('Piante non Pet Friendly', 'Alocasia x amazonica “Polly”', 14.90, 20, 'Alocasia "Polly"', 'non specificato', 'Araceae', 'Alocasia', 'A. x amazonica', 'Ø 12 cm, Ø 17 cm', 'non profumata', 'Sempreverde', 'Argento, Verde, Viola', 'La pianta di Alocasia x amazonica “Polly” è una pianta d’appartamento sempreverde dal portamento compatto, che sviluppa foglie spesse e lucide, caratterizzate da venature argentate o bianche che contrastano con il verde scuro, è una pianta decorativa molto ricercata. Le sue foglie, dal profilo acuminato, sono eleganti e aggiungono un tocco esotico a qualsiasi ambiente. La parte superiore delle foglie è di un verde brillante e quasi ceroso, mentre la parte inferiore, di un viola-bruno, aggiunge un tocco di colore che completa il suo aspetto esotico. '),
    ('Piante Pet Friendly', 'Aeonium decorum “Tricolor”', 8.80, 50, 'non specificato', 'non specificato', 'Crassulaceae', 'Aeonium', 'A. decorum', 'Ø 5,5 cm, Ø 8,5 cm', 'Non profumata', 'Sempreverde', 'Rosso, Verde', 'La pianta di Aeonium decorum “Tricolor” appartiene alla famiglia delle Crassulaceae ed è originaria delle Canarie e di alcune regioni dell’Africa. Aspetto di alberello dal fusto nudo, all’estremità crescono rosette di foglie colorate con bordo rosso, al centro si sviluppano fiorellini di colore giallo, che sbocciano in tarda primavera. Predilige un terreno ben drenato, posizionata in casa va esposta in piena luce, mentre all’aperto il sole diretto mantiene al meglio la colorazione delle foglie. Le innaffiature vanno effettuate regolarmente dalla primavera per tutta estate. Concimare con prodotti specifici per piante grasse o con granulari a lenta cessione per piante verdi.'),
    ('Piante non Pet Friendly', 'Agave potatorum', 54.90, 5, 'Agave Verschaffelt', 'non specificato', 'Asparagaceae', 'Agave', 'A. potatorum', 'Ø 30 cm', 'Non profumata', 'Sempreverde', 'Argento, Azzurro, Blu, Grigio, Verde', 'La pianta di Agave potatorum è una piccola succulenta dalle rosette basali di foglie piatte, spatolate, con bordi di corte spine scure, terminanti con un ago. Le foglie sono di un bel colore verde glauco o blu-grigio argenteo. I fiori sono verde chiaro, sfumati di rosso e spuntano in tarda estate solo su esemplari maturi. Può superare i 50 cm di altezza nel corso del tempo. Necessita di un terreno molto drenante e vuole un’esposizione luminosa. Le innaffiature vanno effettuate regolarmente dalla primavera, mentre in estate devono essere ridotte in vista dell’inverno. Concimare con prodotti specifici per piante grasse o con granulari a lenta cessione per piante verdi.'),
    ('Piante non Pet Friendly', 'Tradescantia zebrina “Violet Hill”', 12.60, 14, 'non specificato', 'non specificato', 'Commelinaceae', '	Tradescantia', 'T. zebrina', 'Ø 12 cm, Ø 17 cm', 'Non profumata', 'Sempreverde', 'Argento, Grigio, Rosso, Verde, Viola', 'La pianta di Tradescantia zebrina “Violet Hill” è una pianta d’appartamento che appartiene alla famiglia delle Commelinaceae ed è originaria delle zone tropicali del Messico meridionale. Portamento strisciante e ricadente, ideale per la coltivazione in vasi sospesi. Produce foglie leggermente carnose, con 2 strisce longitudinali verde-argento, nervature centrali e margini viola, totalmente porpora la pagina inferiore. Predilige luoghi luminosi ma gradisce l’ombra parziale, schermata nei mesi/ore di forte insolazione.'),
    ('Piante non Pet Friendly' ,'Adenium “Baobab”', 39.90, 10, 'Falso Baobab', 'Adenium Ansu', 'Apocynaceae', 'Adenium', 'A. obesum', 'Ø 12 cm', 'Non profumata', 'Semipersistente', 'Verde', 'La pianta di Adenium “Baobab” è una succulenta semipersistente a portamento arbustivo e una varietà particolare dell’Adenium obesum, originaria delle regioni aride dell’Africa e della penisola arabica. La pianta prende il nome dalla sua caratteristica forma, che ricorda un baobab: ha un tronco ispessito che immagazzina acqua, un adattamento che le consente di resistere a periodi di siccità. Grazie alla sua resistenza, è perfetta per chi cerca una pianta esotica e di facile manutenzione. I piccoli rami sono ricoperti da una chioma composta da foglie ovali di colore verde brillante. I fiori sono molto vistosi, solitamente di colore rosa intenso, con sfumature che variano dal bianco al rosso, e si presentano a forma di campana o di stella. L’Adenium obesum generalmente inizia a fiorire dopo 2-3 anni dalla semina o dal trapianto, se cresce in condizioni ottimali. Preferisce esposizioni molto luminose, se posizionata in casa va esposta in piena luce lontana dalle correnti d’aria. Tuttavia, è fondamentale che la pianta non venga esposta a temperature troppo basse, poiché non resiste al gelo. Le temperature ideali di crescita per questa pianta vanno dai 18°C ai 30°C, ma le temperature minime tollerate sono superiori a 15°C, quindi è importante proteggerla da temperature inferiori per evitarne il danno. Questa pianta è perfetta per essere utilizzata in giardini rocciosi, terrazzi o balconi soleggiati, dove la sua forma esotica può essere ammirata. In appartamento, preferisce un ambiente luminoso, come vicino a una finestra ben illuminata. Per creare un’ambientazione esotica, può essere combinata con altre piante succulente o cactacee, come Aloe o Agave.'),
    ('Piante Pet Friendly', 'Trichocereus macrogonus var. pachanoi', 57.10, 40, 'Cactus di San Pedro', 'sin. Trichocereus pachanoi, Echinopsis pachanoi', 'Cactaceae', 'Trichocereus', 'T. macrogonus', 'Ø 13 cm', 'Profumata', 'Sempreverde', 'Azzurro, Verde', 'La pianta di Trichocereus macrogonus var. pachanoi è una succulenta appartenente alla famiglia delle Cactaceae ed originaria dell’Ecuador e del Perù. Sviluppa uno o più fusti ramificati dalla base, di colore verde glauco, con areole prominenti e spine piuttosto corte, da 7 a 13 per ereola, brune, con grandi fiori bianchi e molto profumati, che si aprono di notte e durano circa 2 giorni. Utilizzato per la guarigione e la divinazione religiosa nella regione delle Ande da oltre 3.000 anni, può resistere a temperature molto inferiori a quelle di altri cactus. Predilige un terreno drenato, innaffiare 1-2 volte la settimana per mantenerlo leggermente bagnato durante la stagione di crescita e facendo attenzione a non creare ristagni d’acqua. Concimare con prodotti specifici per piante grasse o con granulari a lenta cessione per piante verdi.'),
    ('Piante Pet Friendly', 'Peperomia hovaria', 41.90, 10, 'non specificato', 'non specificato', 'Piperaceae', 'Peperomia', 'P. hovaria', 'Ø 15 cm', 'Non profumata', 'Sempreverde', 'Verde', 'La pianta di Peperomia hovaria è una pianta d’appartamento sempreverde, originaria delle zone tropicali dell’America meridionale, che appartiene alla famiglia delle Piperaceae. Possiede morbide foglie e steli dalla consistenza carnosa, di colore verde chiaro. Pianta rustica e di facile coltivazione, evitare le correnti d’aria fredda, tollera soluzioni poco luminose. Questa pianta tropicale è molto rustica ed ornamentale, in più molto facile da coltivare, perciò ideale anche per chi non ha il pollice verde.'),
    ('Bulbi', 'Tulipano Triumph Helmar', 15.20, 12, 'non specificato', 'non specificato', 'non specificato', 'non specificato', 'non specificato', 'non specificato', 'Profumata', 'Fiore', 'Viola', '(10 bulbi) Raggiunge 50 cm di altezza e la fioritura è primaverile. I tulipani Triumph sono molto caratteristici per il loro color vino rosso sgargiante su sfondo giallo che ricorda gli storici tulipani dipinti durante l’età dell’oro. Questa famiglia di tulipani è noto anche come "Tulipani di Rembrandt". Un grande tulipano da giardino grazie ai suoi steli robusti.'),
    ('Bulbi', 'Giacinto Orientalis Miss Saigon', 6.60, 100, 'non specificato', 'non specificato', 'Asparagaceae', 'Hyacinthus', 'H. orientalis', '25 cm', 'Profumata', 'Fiore', 'Viola, quasi purpureo', '(3 bulbi) Il giacinto ’Miss Saigon’ è una varietà di Hyacinthus orientalis che si distingue per i suoi fiori di un intenso colore viola, quasi purpureo. La sua fioritura, che avviene solitamente in primavera, è un vero e proprio spettacolo per gli occhi e per il naso, grazie al suo profumo dolce e inebriante. Le origini del giacinto sono antichissime e si perdono nella notte dei tempi. Si narra che il giovane Hyacinthus, amato da Apollo e da Zefiro, morì tragicamente colpito da un disco lanciato accidentalmente dal dio del vento. Dal suo sangue sgorgò un fiore profumato, il giacinto, a cui Apollo dedicò un canto funebre.'),
    ('Bulbi', 'Fritillaria Imperialis Aurora', 12.90, 60, 'non specificato', 'non specificato', 'Liliaceae', 'Fritillaria', 'F. imperialis', '24-26 cm', 'Leggero odore di carne marcia', 'Fiore', 'Arancione, Giallo' , '(Sacchetti contenenti 1 bulbo) Selezione robusta e molto fiorifera con i tepali di un colore acceso, non comune tra le forme naturali. Le fritillarie del gruppo "imperislis" vengono coltivate in Europa dalla fine del ‘500 e sono state oggetto di grande ammirazione nei famosi giardini segreti del seicento. Sorprendentemente, queste piante sono tuttora relativamente poco conosciute e vengono a torto considerate difficili in coltivazione. E’ particolarmente importante controllare all’acquisto la qualità dei grandi bulbi (maleodoranti e per questo considerati un rimedio contro roditori): bulbi sani, con le grandi scaglie carnose turgide, se piantati presto, daranno sempre risultati soddisfacenti. Conviene piantare il bulbo alla profondità almeno doppia della sua altezza evitando copiose annaffiature subito dopo la messa a dimora per evitare che l’acqua ristagni nel vistoso buco lasciato al centro del bulbo dallo stelo dell’anno precedente. Appena vengono emesse le radici (spesso i bulbi commercializzati sono già muniti di qualche radice sviluppatasi nella torba o nei trucioli in cui vengono conservati), la pianta comincia a produrre sostanze protettive che assicurano la resistenza ad attacchi fungini ed al marciume. Lasciare i bulbi appena acquistati troppo a lungo fuori terra, causando eventualmente l’essiccamento delle prime radici emesse e delle scaglie esterne, è la principale ragione per gli insuccessi talvolta riferiti. Durante l’inverno l’umidità apportata dalle piogge è assolutamente sufficiente per la sopravvivenza delle piante, le quali emetteranno in primavera lo stelo munito di foglie verde lucido in ciuffi. Gli steli delle piante coltivate in piena terra possono raggiungere l’altezza di 50-70 cm. Le foglie sono molto decorative e sotto il loro ciuffo all’apice dello stelo si trova il cerchio dell’infiorescenza composta da grandi fiori campanulati (nella forma ‘Prolifera’ i cerchi di fiori sono due). Esistono delle forme a foglia variegata (‘Argenteo-‘ e ‘Aureomarginata’) e sono state selezionate alcune cultivar caratterizzate da un colore particolare dei fiori (arancio pallido, arancio intenso ecc.)'),
    ('Bulbi', 'Phlox paniculata White', 6.10, 30, 'non specificato', 'non specificato', 'Polemoniaceae', 'Phlox', 'P. paniculata', '24-26 cm', 'Profumata', 'Fiore', 'Bianco' , '(1 bulbo) Phlox Europa varietà popolare che fiorisce con grandi grappoli di fiori di colore rosa tenue o bianco con un cuore rosa brillante. Eccellente fiore reciso. La Phlox Europe è una perenne facile e forte che si adatta a qualsiasi giardino! Per una posizione soleggiata o luminosa in qualsiasi tipo di terreno.'),
    ('Bulbi', 'Narciso Large Cupped Ice Follies', 8.20, 20, 'non specificato', 'non specificato', 'Amaryllidaceae', 'Narcissus', 'non specificato', '35 cm', 'Profumata', 'Fiore', 'Bianco, Giallo, Arancione' , '(5 bulbi) Bellissimi petali bianchi con grandi coppe gialle. Ice Follies è uno dei narcisi più conosciuti e riconosciuti sul mercato, i grandi fiori hanno petali bianco-avorio e coppe larghe e arricciate che si aprono di colore giallo limone e diventano bianco crema. Una fioritura vigorosa e pesante, ottima per la naturalizzazione e anche leggermente profumata. Fioritura di Inizio mezza stagione.'),
    ('Bulbi', 'Narciso Split Corona Cassata', 8.20, 35, 'non specificato', 'non specificato', 'Amaryllidaceae', 'Narcissus', 'non specificato', '40 cm', 'Profumata', 'Fiore', 'Bianco, Giallo, Arancione' , '(5 bulbi) Narciso Split Corona Cassata, raggiunge 40 cm di altezza e la fioritura è primaverile. Attenzione: si tratta di bulbi ornamentali, NON commestibili. Alcuni bulbi possono causare temporanea irritazione della pelle, è opportuno indossare dei guanti e lavare accuratamente le mani dopo aver maneggiato i bulbi.'),
    ('Bulbi', 'Narciso Large Cupped Pink Charm', 8.20, 30, 'non specificato', 'non specificato', 'Amaryllidaceae', 'Narcissus', 'P. paniculata', '45 cm', 'Profumata', 'Fiore', 'Bianco, Giallo, Arancione' , '(5 bulbi) Narciso Large Cupped Pink Charm, raggiunge 45 cm di altezza e la fioritura è primaverile. Attenzione: si tratta di bulbi ornamentali, NON commestibili. Alcuni bulbi possono causare temporanea irritazione della pelle, è opportuno indossare dei guanti e lavare accuratamente le mani dopo aver maneggiato i bulbi.'),
    ('Sementi', 'Camomilla (Semi)', 2.40, 200, 'Chamomilla recutita', 'Matricaria chamomilla', 'Asteraceae', 'Matricaria', 'M. chamomilla', '0,1 - 0,5m', 'Profumata', 'Fiore', 'Bianco', 'Camomilla (Matricaria chamomilla), pianta officinale erbacea a ciclo annuale, che appartiene alla famiglia delle Asteraceae ed è conosciuta fin dall’antichità. Cresce spontanea in tutto il continente europeo e fiorisce da Maggio a Settembre, raggiungendo un’altezza fino a 40 cm, con fusto eretto e ramificato. Produce fiori di colore bianco, a centro giallo, che in cucina sono spesso aggiunti a molti piatti per dare colore e sapore.'),
    ('Sementi', 'Fragola Rampicante (Semi)', 4.30, 80, 'non specificato', 'Fragaria vesca', 'Rosaceae', 'Fragaria', 'F. vesca', '200 cm', 'Profumata', 'Fiore', 'Bianco', 'Fragola Rampicante o Cascante, produce una bellissima varietà di fragola che arrampicandosi a sostegni può raggiungere l’altezza di  200cm, utilizzata come incantevole ornamento di balconi, terrazze e giardini.'),
    ('Sementi', 'Calendula officinalis (Semi)', 2.50, 60, 'non specificato', 'non specificato', 'Asteraceae', 'Calendula', 'C. officinalis', 'non specificato', 'Profumata', 'Fiore', 'Bianco, Giallo, Arancione, Rosso', 'Calendula officinalis doppia in miscuglio, possiede una radice fittonante e un fusto ramificato ricoperto da peluria, le foglie sono spesse ed i fiori sono dei capolini doppi, dal giallo all’arancione, che compaiono in estate – autunno. La pianta strofinata, emana un intenso aroma sgradito alle zanzare, funzionando come ottimo repellente naturale. Se piantata nell’orto tiene lontana molti parassiti delle piante di Pomodoro. I suoi fiori sono utilizzati in cucina aggiunti a molti piatti per dare colore, sapore e fantasia. Raccogliere i fiori freschi poco prima del loro utilizzo, lavandoli accuratamente con acqua. Non trattare le piante con sostanze chimiche durante tutta la loro coltivazione. Il sapore dei fiori è simile allo zafferano, piccante e pepato.'),
    ('Sementi', 'Bambù gigante Moso (Semi)', 4.30, 80, 'non specificato', 'Phyllostachys edulis', 'Poaceae', 'Phyllostachys', 'P. edulis', 'molti metri', 'Non profumata', 'Sempreverde', 'Verde', 'Bambù gigante Moso (Phyllostachys edulis), appartenente alla famiglia delle Poaceae ed originario dell’Asia, è uno tra i bambù più belli e resistenti. Le piante possono raggiungere molti metri di altezza o altrimenti possono essere coltivate in vaso per un effetto pianta nana.'),
    ('Sementi', 'Campanula (Semi)', 2.60, 80, 'non specificato', 'non specificato', 'Campanulaceae', 'Campanula', 'non specificato', 'non specificato', 'Profumata', 'Fiore', 'Bianco, Viola, Blu', 'Campanula doppia in miscuglio, produce fiori penduli in varie tonalità di colori. Pianta di facile coltivazione che si adatta a tutti i tipi di terreno, si semina dalla primavera all’estate per fioritura l’anno seguente. Indicata per aiuole e bordure, per giardini rocciosi e per coltivazione in vaso.'),
    ('Sementi', 'Basilico Italiano classico (Semi)', 1.90, 1000, 'Basilico Genovese', 'Ocimum basilicum', 'Lamiaceae', 'Ocimum', 'O. basilicum', 'non specificato', 'Profumata', 'Semipersistente', 'Verde', 'Basilico Italiano classico (Basilico Genovese), pianta officinale erbacea annuale e prodotto ortofrutticolo italiano a Denominazione di origine protetta (DOP). Sviluppa foglie grandi molto aromatiche ed è la varietà più famosa in Italia. Questo basilico, caratterizzato da un aroma molto delicato e dalla quasi totale assenza di aroma di menta, è utilizzato per la preparazione del famoso Pesto. Viene aggiunto alle insalate, accostato a pomodori, frutti di mare, pollo, pasta e salse. Fiorisce da Giugno fino a tutto Agosto. Raccogliere i fiori freschi poco prima del loro utilizzo, lavandoli accuratamente con acqua. Non trattare le piante con sostanze chimiche durante tutta la loro coltivazione. Il sapore dei fiori è simile alle foglie ma più delicato. '),
    ('Piante aromatiche', 'Lippia citriodora', 6.90 , 20, 'Erba limoncina, Erba Luigia Luisia, Erba cedrina', 'Aloysia citriodora, Verbena al limone', 'Verbenaceae', 'Aloysia', 'A. citriodora', 'Ø 14 cm', 'Profumata', 'Caducifoglia', 'Verde', 'E’ una pianta perfetta per l’uso in cucina, grazie al suo aroma di limone intenso e fresco. Le sue foglie, sottili e aromatiche, sono ampiamente utilizzate per arricchire piatti e bevande con un tocco di freschezza agrumata. In cucina, le foglie fresche possono essere utilizzate per preparare infusi e tisane, ideale per rinfrescare e calmare durante la giornata, oppure per aromatizzare dolci come biscotti, torte e gelati. Le foglie secche, tritate finemente, possono essere usate come spezie in piatti salati, come insalate, pesce e verdure grigliate. Inoltre, la Lippia citriodora è perfetta per preparare sciroppi e bevande rinfrescanti, come limonate o cocktail, grazie al suo gusto naturale di limone, che non solo aggiunge sapore, ma porta anche note salutari, grazie alle sue proprietà calmanti e digestive.'),
    ('Piante aromatiche', 'Helichrysum italicum', 6.90 , 30, 'Elicriso italiano, Immortelle, Curry Plant', 'Helichrysum angustifolium', 'Asteraceae', 'Helichrysum', 'H. italicum', 'Ø 14 cm, Ø 18 cm', 'Profumata', 'Sempreverde', 'Argento, Grigio', 'La pianta aromatica di Elicriso italiano (Helichrysum italicum o Helichrysum angustifolium) è una perenne sempreverde appartenente alla famiglia delle Asteraceae, originaria delle regioni mediterranee. Caratterizzata da foglie grigio-argentee profumate di curry e da capolini gialli in grappoli a cupola che, una volta essiccati, conservano il loro colore brillante, questa pianta è molto apprezzata sia per il suo valore decorativo che per le sue proprietà aromatiche. Una delle sue principali qualità è la sua grande resistenza alla siccità, rendendola ideale per giardini rocciosi o per coltivazioni in aree con climi caldi e secchi. Inoltre, è molto resistente anche alle alte temperature e a periodi di scarsa acqua, il che la rende perfetta per i giardini mediterranei o per chi cerca una pianta che non richieda cure troppo impegnative. L’Helichrysum italicum preferisce un’esposizione piena di sole, che esalta il suo sviluppo e il colore argentato delle sue foglie, ma può adattarsi anche a una leggera ombra.'),
    ('Piante aromatiche', 'Thymus vulgaris “Faustini”', 6.90 , 50, 'Timo', 'Thymus x faustinoi', 'Lamiaceae', 'Thymus', 'T. vulgaris', 'Ø 14 cm', 'Profumata', 'Semipersistente', 'Grigio, Verde', 'Il Thymus vulgaris “Faustini” è una varietà molto apprezzata in cucina per il suo intenso aroma e la sua versatilità. Le sue foglie fresche o essiccate sono perfette per insaporire numerosi piatti, in particolare quelli tipici della cucina mediterranea. È ideale per condire carni grigliate, zuppe, stufati, salse e piatti di pesce. Il suo sapore robusto ma delicato lo rende anche un ottimo ingrediente per aromatizzare olio d’oliva o burro. Inoltre, il timo è perfetto per insaporire patate arrosto, verdure grigliate o in umido, ed è spesso utilizzato come base per il brodo o per marinare carni e pollame. Il suo aroma fresco e leggermente piccante lo rende anche un buon alleato per la preparazione di salse per pizza o pasta. Le sue foglie possono essere aggiunte intere o tritate, a seconda della ricetta, e il timo si sposa bene con altre erbe aromatiche come rosmarino, origano e salvia. Inoltre, il timo ‘Faustini’ può essere utilizzato anche per preparare infusi o tè aromatici, che, oltre a essere deliziosi, hanno anche proprietà digestive e rilassanti.'),
    ('Piante aromatiche', 'Lavandula angustifolia', 6.90 , 30, 'Lavanda vera', 'Lavandula officinalis, Lavandula spica', 'Lamiaceae', 'Lavandula', 'L. angustifolia', 'Ø 14 cm, Ø 18 cm', 'Profumata', 'Sempreverde', 'Argento, Grigio, Verde', ' suoi fiori e le foglie, se utilizzati con moderazione, sono un’aggiunta speciale a vari piatti, sia dolci che salati. I fiori freschi o essiccati possono essere utilizzati per insaporire piatti a base di carne, come agnello o pollo, ma anche per preparazioni dolci come biscotti, torte, gelati o marmellate. Inoltre, la lavanda è un ingrediente perfetto per le tisane o per preparare bevande fresche, come infusi rinfrescanti. L’uso della lavanda in cucina è particolarmente apprezzato in combinazione con altri ingredienti aromatici come il rosmarino e il timo, ma anche per aromatizzare miele e zucchero. Con l’olio essenziale di lavanda si possono arricchire salse o marinate. Tuttavia, è importante usare la lavanda con cautela in cucina, poiché il suo sapore intenso può facilmente sovrastare gli altri ingredienti se non dosato correttamente.'),
    ('Piante aromatiche', 'Rosmarinus officinalis', 6.90 , 30, 'Rosmarino, Ramerino', 'Salvia rosmarinus', 'Lamiaceae', 'Rosmarinus', 'R. officinalis', 'Ø 14 cm, Ø 18 cm', 'Profumata', 'Sempreverde', 'Verde', 'Il Rosmarino è ampiamente utilizzato in cucina grazie al suo aroma intenso e alle sue proprietà aromatiche. Le sue foglie, fresche o essiccate, sono un ingrediente ideale per insaporire piatti salati, soprattutto quelli a base di carne, come arrosti di agnello, pollo e maiale, ma anche piatti a base di patate, zuppe, stufati e focacce. Il Rosmarino si sposa molto bene con piatti mediterranei e viene spesso utilizzato per marinare carne e pesce, grazie alla sua capacità di conferire un profumo deciso e un sapore rinfrescante. Le foglie di Rosmarino possono essere utilizzate anche per preparare infusi, tè o oli aromatici, che esaltano il sapore e apportano anche benefici per la digestione. Inoltre, il Rosmarino è perfetto per insaporire olio, aceto o burro, creando condimenti e salse aromatiche. In cucina, è importante utilizzare il Rosmarino con moderazione, poiché il suo sapore intenso può facilmente sovrastare gli altri ingredienti.'),
    ('Piante aromatiche', 'Salvia officinalis', 6.90 , 30, 'Salvia a foglia stretta, Salvia longifoglia', 'Salvia officinalis Greek', 'Lamiaceae', '	Salvia', 'S. officinalis', 'Ø 14 cm', 'Profumata', 'Semipersistente', 'Argento, Grigio, Verde', 'La Salvia officinalis è una pianta molto apprezzata in cucina per il suo aroma intenso e il suo sapore unico. Le foglie di salvia vengono utilizzate sia fresche che secche per insaporire piatti salati, soprattutto nella cucina mediterranea. È particolarmente utilizzata per preparare salse (come la famosa salsa alla salvia per i tortellini), arrosti di carne, specialmente con il maiale e l’agnello, piatti a base di pollo e anche pesce. Inoltre, la salvia è perfetta per aromatizzare zuppe e minestre, ma anche come ingrediente nelle frittate o per insaporire il burro. Le foglie di salvia vengono anche usate per preparare infusi, che sono noti per le loro proprietà digestive e calmanti. La pianta è quindi molto versatile e trova ampio utilizzo in cucina, sia per piatti semplici che elaborati.'),
    ('Piante aromatiche', 'Erba cipollina', 6.90 , 30, 'Erba cipollina', 'Allium schoenoprasum, Allium buhseanum', 'Amaryllidaceae', 'Allium', 'A. schoenoprasum', 'Ø 14 cm', 'Profumata', 'Caducifoglia', 'Verde', 'La pianta aromatica di Erba cipollina (Allium schoenoprasum) è una pianta erbacea perenne decidua, appartenente alla famiglia delle Liliaceae. Viene apprezzata principalmente per le sue foglie sottili, di colore verde brillante, che si raccolgono fresche e vengono utilizzate in cucina per il loro sapore delicato e fresco, simile alla cipolla ma meno pungente. Il suo fiore a forma di ombrello, di colore rosa o lilla, sboccia in estate e aggiunge un tocco decorativo a giardini e terrazzi. Questa pianta è originaria dell’Europa e dell’Asia settentrionale e cresce spontaneamente in ambienti freschi e ben drenati. L’erba cipollina preferisce una posizione soleggiata o parzialmente ombreggiata, ma può adattarsi anche a una leggera ombra, sebbene la fioritura sia meno abbondante.'),
    ('Piante da frutto', 'Actinidia arguta – femmina', 19.00 , 70, 'Kiwi nano, Mini kiwi' , 'non specificato', 'Actinidiaceae', 'Actinidia' , 'A. arguta', '4 - 8m', 'Profumata', 'Caducifoglia', 'Verde', 'La pianta di Actinidia arguta è una pianta da frutto rampicante decidua, che sviluppa foglie verde scuro, da ovate a ovato-oblunghe, dentellate, lunghe fino a 13 cm. Produce mazzetti di 3 fiori bianco crema e profumati, che sbocciano in estate. Genera piccoli frutti lisci, oblunghi, di colore giallo-verde, lunghi 2,5 cm, con polpa tenera e sapore dolce. Il frutto è da consumare crudo, come frutta cotta, in torte, dolci, marmellate, succhi di frutta e vino. Arbusto ornamentale che può raggiungere i 7 metri di altezza. La maturazione dei frutti avviene da Settembre a Ottobre.'),
    ('Piante da frutto', 'Albicocco “Cafona”', 31.70 , 30, 'non specificato','Prunus armeniaca Cafona' ,'Rosaceae', 'Prunus', 'P. armeniaca', 'Ø 20 cm', 'Non profumata', 'Caducifoglia', 'Verde', 'La pianta di Albicocco “Cafona” è una cultivar molto diffusa nel centro Italia, con origini campane. Albero vigoroso con buona e costante produttività, i frutti sono sferici, di medie-piccole dimensioni, con buccia giallo chiaro e sfumature rosse nelle parti esposte al sole. La sua polpa è di colore giallo, ha media consistenza, media succosità e il suo sapore è ottimo. I frutti sono ottimi se consumati freschi, impiegati nella preparazione di sciroppate e marmellate, sono adatti anche ad accostamenti salati come salse da abbinare a carni rosse. Alberello a cima arrotondata che si allarga con il tempo, raggiungendo in età adulta i 6/8 metri di altezza. La fioritura, di colore bianco è precoce (verso fine Febbraio – inizio Marzo) e teme le gelate tardive.'),
    ('Piante da frutto', 'Susino “California”', 31.70 , 10, 'Pruno europeo, Prugno','Prunus domestica “California”' ,'Rosaceae', 'Prunus', 'P. domestica', 'Ø 20 cm', 'Non profumata', 'Caducifoglia', 'Verde', 'La pianta di Susino “California” è un albero dai frutti di media dimensione, di colore blu scuro, che maturano a fine Luglio – inizio Agosto, con polpa dalla colorazione gialla e sapore dolce. I frutti sono consumati al naturale o in macedonia, per la preparazione di confetture, gelatine, torte e crostate, in alcune ricette sono associati a piatti di carne piuttosto saporita e salumi come la pancetta.'),
    ('Piante da frutto', 'Arancio biondo “Washington”', 44.40 , 20, 'Arancio Washington navel','Citrus x sinensis "Washington"' ,'Rutaceae', 'Citrus', 'C. x sinensis', '15-20 cm', 'Non profumata', 'Sempreverde', 'Verde', 'La pianta di Arancio biondo “Washington” (Arancio Washington navel) è un albero da frutto trasportato dal Brasile a Washington e poi coltivato in California, ma ben adattato ai climi mediterranei. Sviluppa frutti di forma ovoidale e pezzatura media o medio-grossa, con buccia spessa e liscia, di colore arancio scuro. Evidente è la presenza del navel: rigonfiamento alla base determinato dalla presenza di un secondo frutto, che non riesce a svilupparsi in modo completo. La maturazione dei frutti avviene da metà Dicembre a Marzo. La polpa è bionda, fine e soda, senza semi, dal gusto molto dolce, ma poco succosa. In cucina i frutti sono molto utilizzati per preparare ricche spremute, ma perfetti per il consumo fresco.'),
    ('Piante da frutto', 'Annona cherimola “Campas”', 65.50 , 3, 'non specificato','non specificato' ,'Annonaceae', 'Annona', 'A. cherimola', '60 - 80 cm', '100 - 120 cm', 'Caducifoglia', 'Verde', 'La pianta di Annona cherimola “Campas” è un piccolo albero tropicale originario dell’America latina (Ecuador e Perù) e coltivato già dai popoli Inca negli altipiani Andini. Varietà maggiormente diffusa in Italia, si sviluppa come piccolo alberello che può raggiunge circa 7 metri di altezza e ha lento sviluppo. Presenta fiori di colore bianco-verde che sbocciano in maniera scalare durante il mese di Giugno. Produce frutti di 7-12 cm di lunghezza, con buccia di colore verde e polpa bianca e burrosa, simile alla crema, dal gusto zuccherino, un mix tra papaya, banana, ananas e passion fruit. I frutti maturano nei mesi di Ottobre – Novembre e sono pronti per la raccolta quando il loro colore vira dal verde intenso al verde chiaro. Dopo la loro raccolta devono essere consumati entro pochi giorni. In cucina sono impiegati per la preparazione di gelati, sorbetti, marmellate e dessert. Mantenere il terreno umido evitando i ristagni idrici. Utilizzare un terreno morbido e drenante, in vaso utilizzare un terriccio universale. Somministrare del concime granulare nel periodo primaverile-estivo.'),
    ('Piante da frutto', 'Albicocco “Bella d’Imola”', 31.70 , 30, 'Bella d’Imola','Prunus armeniaca Bella d’Imola' ,'Rosaceae', 'Prunus', 'P. armeniaca', 'Ø 20 cm', 'Non profumata', 'Caducifoglia', 'Verde', 'La pianta di Albicocco “Bella d’Imola” è un albero di medio vigore dai frutti di medie-grosse dimensioni e dalla forma ellittica, di colore arancio chiaro, con sovraccolore rosso. La polpa è arancio, medio soda, con buone qualità gustative nell’aroma e con succosità media, sapore acidulo. I frutti sono ottimi se consumati freschi, impiegati nella preparazione di sciroppate e marmellate, sono adatti anche ad accostamenti salati come salse da abbinare a carni rosse. Alberello a cima arrotondata che si allarga con il tempo, raggiungendo in età adulta i 6/8 metri di altezza. La fioritura, di colore bianco è precoce (verso fine Febbraio – inizio Marzo) e teme le gelate tardive. Questa varietà può esser soggetta ad attacchi di Monilia, soprattutto negli anni con elevate precipitazioni piovose.'),
    ('Piante da orto', 'Zucca Festival – Non commestibile', 5.0 , 6, 'non specificato', 'non specificato', 'Cucurbitaceae', 'Cucurbita', 'non specificato', 'Ø 20 cm', 'Non profumata', 'Autunnale', 'Verde', 'Zucca Festival bianca/verde non commestibile, zucca decorativa per Halloween.'),
    ('Piante da orto', 'Topinambur', 19.0 , 6, 'Carciofo di Gerusalemme, Erba della Bibbia', 'Helianthus tuberosus', 'Asteraceae', 'Helianthus', 'H. tuberosus', 'Ø 16 cm', 'Non profumata', 'Caducifoglia', 'Verde', 'La pianta di Topinambur (Helianthus tuberosus), nota anche con il nome Carciofo di Gerusalemme, è una erbacea perenne originaria del continente americano. Produce fiori di colore giallo oro e tuberi commestibili che vengono raccolti in inverno. A differenza della patata, il Topinambur non contiene amido. Nella cucina piemontese viene utilizzato nella bagna càuda, ma può essere consumato anche crudo in insalata, condito con olio, limone, sale e prezzemolo, fritto o cotto al forno come le patate e ridotto in purea, per preparare vellutate e zuppe. Per consumarlo cotto è necessario privarlo prima della sottile pellicina.'),
    ('Piante da orto', 'Asparago Verde', 7.50 , 50, 'Asparago comune, Asparagio', 'Asparagus officinalis', 'Asparagaceae', 'Asparagus', 'A. officinalis', 'Ø 14 cm', 'Non profumata', 'Caducifoglia', 'Verde', 'Asparago Verde (Asparagus officinalis), una pianta erbacea perenne vigorosa e produttiva, con turioni di colore verde, teneri e gustosi. Il sapore è marcato e il germoglio possiede un gusto dolciastro. E’ il solo asparago che non ha bisogno di essere pelato. Si trapianta alla distanza di circa 30 cm da pianta a pianta.'),
    ('Piante da orto', 'Ipomea batatas', 8.80 , 6, 'Patata dolce americana', 'non specificato', 'Convolvulaceae', 'Ipomea', 'I. batatas', 'Ø 12 cm', 'Non profumata', 'Caducifoglia', 'Verde, Viola', 'La pianta di Ipomea batatas (Patata dolce americana) è una erbacea perenne che appartiene alla famiglia delle Convolulaceae ed è nativa delle aree tropicali americane. Arbusto di medie dimensioni, dal fogliame molto decorativo, coltivato per i suoi tuberi commestibili, dal gusto dolce ed intenso, un mix tra la nostra patata e la zucca. Le foglie sono generalmente da ovate a cuoriformi, a volte lobate e talvolta sfumate di viola. I fiori a forma di imbuto, spesso viola o occasionalmente bianchi, vengono prodotti in estate.'),
    ('Piante da orto', 'Anguria ovale crimson', 6.50 , 20, 'Anguria ovale', 'Citrullus lanatus', 'Cucurbitaceae', 'Citrullus', 'C. lanatus', 'Ø 20 cm', 'Non profumata', 'Caducifoglia', 'Verde', 'Anguria tonda/ovale crimson “Obla F1”, varietà dai frutti ovali di colore verde scuro e striature verde chiaro, che possono raggiungere i 7-10 kg di peso. Polpa rossa, soda e zuccherina. È apprezzata per le caratteristiche organolettiche e la grande produttività. Ha pianta vigorosa e una buona tolleranza alla scottatura dei frutti. Matura a circa 85 giorni dal trapianto.'),
    ('Piante da orto', 'Zucca Daisy Gourd – Non commestibile', 8.20 , 30, 'non specificato', 'non specificato', 'Cucurbitaceae', 'Cucurbita', 'non specificato', 'Ø 20 cm', 'Non profumata', 'Autunnale', 'Verde', 'Zucca Daisy Gourd non commestibile, zucca decorativa per Halloween.'),
    ('Alberi e cespugli', 'Abies koreana', 25.90 , 10, 'Abete coreano', 'non specificato', 'Pinaceae', 'Abies', 'A. koreana', 'Ø 19 cm', 'Non profumata', 'Sempreverde', 'Argento, Bianco, Verde', 'La pianta di Abies koreana è un conifera sempreverde originaria della Corea del Sud, conosciuta per la sua forma conica e per le sue splendide aghifoglie di un verde intenso, che in inverno possono presentare una leggera sfumatura blu, argentee sulla pagina inferiore, lunghe 1-2 cm e disposte radialmente. Originario delle montagne della Corea, questo abete è apprezzato sia per la sua bellezza ornamentale che per la sua resistenza. Fin da giovane produce coni cilindrici blu-viola, lunghi 5-7 cm, con brattee sia sporgenti sia nascoste. Raggiunge col tempo l’altezza di circa 10 metri. Preferisce posizioni soleggiate e si adatta bene a vari tipi di terreno, purché ben drenati, consigliato il terriccio universale. La bagnatura deve essere regolare, soprattutto durante i periodi di siccità, ma è importante evitare ristagni idrici che possono danneggiare le radici. L’Abies koreana cresce bene in un range di temperature comprese tra i 10 e i 20 gradi Celsius, ma resiste anche a temperature più basse, rendendolo adatto a climi freschi. Non richiede potature frequenti, ma è consigliabile rimuovere eventuali rami secchi o danneggiati per mantenere la pianta sana. L’Abies koreana può essere propagato per seme, ma è più comune trovarlo in vivai già in forma di pianta adulta. In giardino, l’Abies koreana è perfetto per creare aree ombreggiate, come parte di giardini rocciosi o come elemento decorativo in giardini formali.'),
    ('Alberi e cespugli', 'Abies nordmanniana', 37.90 , 10, 'Abete del Caucaso', 'non specificato', 'Pinaceae', 'Abies', 'A. nordmanniana', 'Ø 22 cm', 'Non profumata', 'Sempreverde', 'Verde', 'La pianta di Abies nordmanniana (Abete del Caucaso) è un conifera sempreverde spesso coltivata come albero di Natale, simile all’Abete Rosso, può raggiungere col tempo circa 30 metri di altezza. Possiede una corteccia liscia di colore grigio, che scurisce diventando ruvida e fessurata, con chioma regolare di forma conico-piramidale. Sviluppa fitte fronde, con foglie aghiformi di colore verde intenso, argentato nella parte inferiore, lunghe 2-3 cm, rivolte in avanti, che si sovrappongono in alto su ogni ramo. Coni ovoidi-cilindrici, di colore marrone-verdastro, lunghi fino a 15 cm, con brattee sporgenti.'),
    ('Alberi e cespugli', 'Abutilon megapotamicum', 19.0 , 10, 'Fiori di lanterna', 'Abutilon vexillarium', 'Malvaceae', 'Abutilon', 'A. megapotamicum', 'Ø 17 cm', 'Non profumata', 'Semipersistente', 'Verde', 'La pianta di Abutilon megapotamicum è un arbusto semipersistente proveniente dal Brasile, dove cresce spontaneamente in ambienti umidi e caldi. Questa pianta è particolarmente apprezzata per i suoi fiori a forma di lanterna, che variano tra il rosso, l’arancione e il giallo, creando un effetto decorativo straordinario, soprattutto nei mesi estivi. È ideale per chi cerca una pianta ornamentale che regali colore e vivacità nel proprio giardino o terrazzo. Sviluppa lunghi rami arcuati che gli conferiscono un portamento quasi prostrato, foglie affusolate, strettamente ovate e fiori penduli, a forma di campana, lunghi 4-5 cm, con petali gialli e grande calice cremisi, in estate e in autunno. Per quanto riguarda l’esposizione, l’Abutilon megapotamicum preferisce luoghi ben luminosi.'),
    ('Alberi e cespugli', 'Abeliophyllum distichum', 21.40 , 10, 'Forsythia bianca', 'Forsythia abeliophyllum distichum', 'Oleaceae', 'Abeliophyllum', 'A. distichum', 'Ø 22 cm', 'Profumata', 'Caducifoglia', 'Verde', 'La pianta di Abeliophyllum distichum è un arbusto dal portamento espanso a foglia caduca, che somiglia moltissimo alla Forsythia bianca, fiorisce appena un po’ prima, da Gennaio a Marzo. Produce lunghi racemi ascellari di piccoli fiori stellati, molto profumati, di colore bianco, a 4 petali, che sbocciano su fusti sottili ed allungati di colore bruno-rosato e portamento tondeggiante. Foglie verde scuro, opache, ovate, opposte, lunghe fino a 8 cm. Può raggiungere l’altezza di circa 150 cm. Arbusto rustico e poco esigente per quanto riguarda il terreno ma predilige un’esposizione soleggiata. Coltivato per il suo fogliame elegante e per la sua fioritura, è ideale utilizzato isolato, in gruppi, in macchie o in siepi di medie dimensioni, bello anche a ridosso di muri.'),
    ('Alberi e cespugli', 'Acer pseudoplatanus', 25.30 , 10, 'Acero montano', 'non specificato', 'Sapindaceae', 'Acer', 'A. pseudoplatanus', '80 - 100 cm', 'Non profumata', 'Caducifoglia', 'Giallo, Verde', 'La pianta di Acer pseudoplatanus (Acero montano) è un albero deciduo che cresce nelle zone montane fino a 1.800 metri di altitudine. Raggiunge l’altezza di circa 30 metri, ampia chioma globosa, con corteccia grigia che tende a staccarsi in grandi placche. Foglie picciolate, semplici, opposte, pentalobate, lunghe 10-20 cm, di colore verde intenso, virano al giallo in autunno. I fiori appaiono dopo la comparsa delle foglie, in Aprile – Maggio, sono infiorescenze a pannocchia, verdastre e pedule, lunghe fino a 12 cm. I frutti sono samare doppie (frutti secchi). Albero utilizzato nei parchi pubblici, in giardini come esemplare isolato e per la formazione di alberature stradali. Coltivare in terreno acido per avere ottimi colori autunnali.'),
    ('Alberi e cespugli', 'Acer platanoides “Crimson King”', 63.50 , 10, 'Acero riccio rosso, Acero norvegese Crimson King', 'non specificato', 'Sapindaceae', 'Acar', 'A. platanoides', '180 - 200 cm', 'Non profumata', 'Caducifoglia', 'Viola', 'La pianta di Acer platanoides “Crimson King”, denominata anche Acero riccio rosso, è un albero deciduo coltivato sia ad alto fusto con chioma colonnare o arrotondata, sia in forma arbustiva con chioma eretta ed espansa. Le foglie, dalla forma simile a quella del Platano, sono caduche, opposte, lunghe 8-15 cm, a 5 lobi, terminanti in denti appuntiti, di colore violaceo intenso-cremisi per tutta l’estate. Le infiorescenze sono composte di fiori gialli sfumati di rosso riuniti in grappoli eretti, che sbocciano in Aprile quando cominciano a germogliare le foglie, seguono le samare con angolo aperto a 180°. La pianta può raggiungere l’altezza fino a 12 metri. Albero utilizzato nei parchi pubblici, in giardini come esemplare isolato e per la formazione di alberature stradali. Coltivare in terreno acido per avere ottimi colori autunnali.'),
    ('Piante perenni e Graminacee', 'Dryopteris erythrosora “Autumn”', 10.40 , 6, 'Felce scudo di rame', 'non specificato', 'Dicksoniaceae', 'Dryopteris ', 'D. erythrosora', 'Ø 14 cm', 'Non profumata', 'Semipersistente', 'Bronzo, Rosso, Verde', 'La pianta di Dryopteris erythrosora “Autumn” è una felce semi-sempreverde, che sviluppa fronde triangolari, bi- o tripennate, riunite in densi ceppi, lunghe 25-60 cm, di colore rosso rame e verde scuro brillante. Facile da coltivare, predilige un terreno ricco e ben drenato, adatta a vasi e come copertura del terreno per boschi e giardini.'),
    ('Piante perenni e Graminacee', 'Athyrium niponicum var. pictum “Burgundy Lace”', 10.40 , 12, 'Felce', 'Woodsiaceae', 'Athyrium', 'Dicksonia', 'A. niponicum', 'Ø 14 cm', 'Non profumata', 'Caducifoglia', 'Argento, Grigio, Rosa, Viola', 'La pianta di Athyrium niponicum var. pictum “Burgundy Lace” è una felce decidua che sviluppa rizomi striscianti rosso-marrone, con fronde lanceolate, da bi- o tripennate a pennatifide, lunghe fino a 35 cm, nei toni del bordeaux, viola, rosa e argento. Genera segmenti da lanceolati a oblunghi od ovati, a volte con margini incisi o lobati. Facile da coltivare, predilige il terreno ricco e ben drenato, adatta a vasi e come copertura del terreno per boschi e giardini. Le piante erbacee perenni vivono tutto l’anno e sopportano le temperature più rigide. Possono incorrere in una fase di riposo vegetativo durante la stagione avversa, riprendono poi la fase di vegetazione quando le condizioni torneranno favorevoli.'),
    ('Piante perenni e Graminacee', 'Cortaderia selloana “Pink Feather”', 25.30 , 6, 'Erba della Pampas Pink Feather', 'Cortaderia argentea', 'Poaceae', 'Cortaderia', 'C. selloana', 'Ø 24 cm', 'Non profumata', 'Sempreverde', 'Blu, Verde', 'La pianta di Cortaderia selloana “Pink Feather”, conosciuta anche come Erba della Pampas, è una graminacea ornamentale dal fogliame persistente originaria del sud America, in particolare delle Pampas Argentine. Sviluppa fitti ciuffi con foglie arcuate, verde medio. La fioritura è caratterizzata da vistosi pennacchi di colore rosa, prodotti a fine estate, che permangono sulla pianta per tutto l’inverno; recisi, durano parecchio tempo all’interno di un vaso. Si tratta di pannocchie da piramidali ad oblunghe, lunghe 45-90 cm, che crescono su steli eretti. Può raggiungere 2,5 metri di altezza e 1,5 metri di larghezza. Pianta poco esigente anche se in inverno è meglio proteggerla dalle gelate.'),
    ('Piante perenni e Graminacee', 'Cortaderia selloana “White Feather”', 19.90 , 10, 'Erba della Pampas White Feather', 'non specificato', 'Poaceae', 'Cortaderia', 'C. selloana', 'Ø 24 cm', 'Non profumata', 'Sempreverde', 'Argento, Grigio, Verde', 'La pianta di Cortaderia selloana “White Feather”, conosciuta anche come Erba della Pampas, è una graminacea ornamentale dal fogliame persistente originaria del sud America, in particolare delle Pampas Argentine. Sviluppa fitti ciuffi con foglie arcuate, grigio-verde. La fioritura è caratterizzata da vistosi pennacchi di colore bianco, prodotti a fine estate, che permangono sulla pianta per tutto l’inverno; recisi, durano parecchio tempo all’interno di un vaso. Si tratta di pannocchie da piramidali ad oblunghe, lunghe 45-90 cm, che crescono su steli eretti. Può raggiungere 3 metri di altezza. Pianta poco esigente anche se in inverno è meglio proteggerla dalle gelate.'),
    ('Piante acquatiche', 'Hibiscus coccineus', 14.70 ,12, 'Ibisco scarlatto, coccineo, Stella del Texas', 'non specificato', 'Malvaceae', 'Hibiscus', 'H. coccineus', 'Ø 24 cm', 'Non profumata', 'Caducifoglia', 'Bronzo, Verde', 'La pianta di Hibiscus coccineus è una paludosa coltivata in tutto il mondo e nativa della Virginia sud-orientale, molto resistente al gelo ma dall’aspetto esotico, sviluppa lunghi fusti sottili e foglie alterne, da poco profondamente a palmatamente lobate, di colore verde intenso sfumato di bronzo, con grandi fiori imbutiformi, a 5 petali, solitari o a mazzetti, di colore rosso scarlatto e prodotti per un lungo periodo dall’estate all’autunno. Predilige una posizione soleggiata ed un terreno permeabile. In natura nasce e prospera accanto ai corsi d’acqua, se coltivata in vaso, è indispensabile annaffiarla con regolarità. Ideale immersa pochi cm oppure ai bordi di laghetti, stagni e ruscelli.'),
    ('Piante acquatiche', 'Gunnera manicata', 20.3 , 60, 'Pianta dei dinosauri', 'non specificato', 'Gunneraceae', 'Gunnera', 'G. manicata', 'Ø 24 cm', 'Non profumata', 'Caducifoglia', 'Verde', 'La pianta di Gunnera manicata è una erbacea perenne cespitosa, chiamata anche “Pianta dei dinosauri” per le notevoli dimensioni delle sue foglie. Originaria del Sud America, produce foglie gigantesche, da arrotondate a reniformi, palmato-lobate, dentate, verde intenso e venature marcate, lunghe fino a 2 metri, sono portate da piccioli spinosi lunghi fino a 2,5 metri. All’inizio dell’estatate genera pannocchie coniche e ramificate, alte fino a 1 metro, che portano minuscoli fiori, di colore rosso-marrone, seguiti da piccoli frutti sferici rosso-verdi. Predilige l’esposizione soleggiata o parzialmente ombreggiate, è importante tenerla riparata dal vento e dai geli prolungati. Adatta ad suolo umido, è ideale per essere coltivata vicino a specchi d’acqua in ampi spazi. Utilizzare un terreno morbido e drenante, in vaso utilizzare un terriccio universale. Somministrare del concime granulare nel periodo primaverile-estivo.'),
    ('Piante acquatiche', 'Phragmites australis', 6.90 , 6, 'Cannuccia d’acqua', 'P. communis', 'Poaceae', 'Phragmites', 'P. australis', 'Ø 8 cm', 'Non profumata', 'Semipersistente', 'Bronzo, Grigio, Verde', 'La pianta di Phragmites australis (Cannuccia d’acqua) è una paludosa rizomatosa, che sviluppa steli robusti e foglie piatte, lineari, appuntite, di colore verde-grigio, lunghe fino a 60 cm, virano al ruggine in autunno. Da fine estate sviluppa spighette riunite in pannocchie piumose, di colore porpora-brunastro, lunghe fino a 45 cm. Ideale immersa pochi cm oppure ai bordi di laghetti, stagni e ruscelli.'),
    ('Piante acquatiche', 'Lysichiton camtschatcensis', 17.70 , 6, 'Cavolo puzzola asiatico', 'Araceae', 'Lysichiton', 'L. camtschatcensis', 'I. pseudacorus', 'Ø 9 cm', 'Profumata', 'Caducifoglia', 'Verde', 'La pianta di Lysichiton camtschatcensis è una paludosa che sviluppa rosette di foglie ovato-oblunghe, molto venate, coriacee, verde lucido, lunghe circa 50-100 cm. All’inizio della primavera, genera spadici profumati, di colore bianco puro, da ovati ad ampiamente lanceolati, appuntiti, lunghi fino a 40 cm. Ideale immersa pochi cm oppure ai bordi di laghetti, stagni e ruscelli.'),
    ('Fiori autunnali', 'Begonia “Summerwings Ebony-Orange”', 10.10 ,6, 'non specificato', 'non specificato', 'non specificato', 'non specificato', 'non specificato', 'Ø 14 cm', 'Profumata', 'Fiore', 'Arancione', 'Begonia “Summerwings Ebony & Orange”, pianta dalla ricca fioritura a forma di calice di colore arancio, su fogliame verde-rosso scuro. Portamento ricadente, molto ramificata, riempie velocemente vasi e fioriere, è coltivabile anche in piena terra, per bordure fiorite ed aiuole. Predilige un’esposizione soleggiata o con ombra parziale.'),
    ('Fiori autunnali', 'Begonia “Pendula White”', 19.40 , 16, 'Begonia bianca', 'non specificato', 'Begoniaceae', 'Begonia', 'non specificato', 'Ø 24 cm', 'Profumata', 'Fiore', 'Bianco', 'egonia “Pendula White”, raggiunge 25 cm di altezza e la fioritura è estiva. Coltivabile in piena terra, per bordure fiorite, aiuole o muri fioriti, ma si dimostra perfetta in vaso, soprattutto se appesa. Predilige un’esposizione soleggiata o con ombra parziale.'),
    ('Fiori autunnali', 'Typha latifolia', 7.90 ,6, 'Tifa, Lisca maggiore', 'non specificato', 'Typhaceae', 'Typha', 'T. latifolia', 'Ø 10 cm', 'Non profumata', 'Sempreverder', 'Verde', 'La pianta di Typha latifolia è una paludosa dalle foglie ligulate, lunghe fino a 200 cm e basi provviste di guaina aperta, sviluppa spighe fiorifere di colore marrone scuro, lunghe 15-22 cm. Viene coltivata oltre che per la sua caratteristica infiorescenza, anche per la fitodepurazione dell’acqua. Predilige posizioni soleggiate, non teme il gelo. Ideale immersa pochi cm oppure ai bordi di laghetti, stagni e ruscelli.'),
    ('Supporti di coltivazione', 'lampadina solare a LED', 15.80 ,6, 'non specificato', 'non specificato', 'non specificato', 'non specificato', 'non specificato', '8 x 8 x 14 cm', 'non specificato', 'non specificato', 'non specificato', 'L’Ampoule lampadina solare a LED, una bella lampadina dal design vintage di vetro ma dall’animo green, da appendere o da appoggiare su un ripiano, il suo pannello solare consente di alimentare 5 mini LED, ad effetto lucciole.'),
    ('Supporti di coltivazione', 'Poggiapiedi Sacco Letizia – Linea Fiam', 286.20 ,6, 'non specificato', 'non specificato', 'non specificato', 'non specificato', 'non specificato', '70 x 50 x 40 cm', 'non specificato', 'non specificato', 'non specificato', 'Il Poggiapiedi Sacco Letizia, è un prodotto versatile che soddisfa diversi utilizzi. Il poggiapiedi ha imbottitura con palline di polistirolo espanso ad alta resistenza e la fodera è in tessuto 100% acrilico con trattamento idrorepellente garantisce senza problemi l’esposizione del prodotto agli agenti atmosferici, quindi all’acqua e al sole.'),
    ('Supporti di coltivazione', 'Poltrona Sdraio Spaghetti alluminio – Linea Fiam', 22.60 ,6, 'non specificato', 'non specificato', 'non specificato', 'non specificato', 'non specificato', '61 x 153 x 103.5 cm', 'non specificato', 'non specificato', 'non specificato', 'Poltrona Sdraio Spaghetti, struttura in alluminio e tondino in PVC, cordonata e multiposizione, conserva la memoria dei mitici anni ’60! Regolabile in 5 posizioni, con schienale anatomico per un massimo confort. La cordatura della seduta è intrecciata a mano in Italia e realizzata con il caratteristico tondino in PVC.'),
    ('Supporti di coltivazione', 'Miniserra completa di semenzaio', 7.50 , 200, 'non specificato', 'non specificato', 'non specificato', 'non specificato', 'non specificato', '20 x 14,5 x 11 cm', 'non specificato', 'non specificato', 'non specificato', 'Miniserra completa di semenzaio, composta da 4 pezzi: un sotto contenitore, un contenitore, un semenzaio ed un coperchio per una migliore germinazione del seme.'),
    ('Supporti di coltivazione', 'Jiffystrips 6-32', 11.30 , 50, 'non specificato', 'non specificato', 'non specificato', 'non specificato', 'non specificato', '5,5 × 6 cm', 'non specificato', 'non specificato', 'non specificato', 'Jiffystrips 6-32 – Vassoi ciascuno con 8 vasetti in torba, confezione da 4 vassoi (tot. 32 vasetti). I vasetti preformati migliorano lo sviluppo delle radici. '),
    ('Supporti di coltivazione', 'Cesto per piante acquatiche quadrato', 6.30 , 40, 'non specificato', 'non specificato', 'non specificato', 'non specificato', 'non specificato', '11 x 11 x 11,5 cm.', 'non specificato', 'non specificato', 'non specificato', 'Cesto per piante acquatiche in forma quadrata.'),
    ('Vasi e fioriere', 'Vaso B.FOR ORIGINAL ROUND MINI – Elho', 1.45 , 600, 'non specificato', 'non specificato', 'non specificato', 'non specificato', 'non specificato', 'Ø 11', 'non specificato', 'non specificato', 'non specificato', 'Vaso B.FOR ORIGINAL ROUND MINI – Elho, B.for original mini è un piccolo vaso che mette in massimo risalto i fiori più belli e le piante da appartamento più amate. Il design lineare e l’unione del bordo lucido con il corpo opaco creano un effetto divertente. Questa mini fioriera dal formato piccolo trova sempre un posticino in casa, ad esempio sul comodino o su un tavolino in salotto, su una mensola o in un angolo del bagno. Anche gli arredi verdi più piccoli possono servire per creare un ambiente gradevole, bello e sano! Scegli alcuni esemplari mini di diversi formati e colori e componi il tuo set personale di vasetti. Hai deciso di scegliere una fioriera elegante dalle curve morbide o preferisci un design geometrico che attiri l’attenzione di tutti? I vasi della collezione b.for arricchiscono ogni tipo di ambiente e fanno risaltare al massimo i fiori e le piante da appartamento. Scegli il formato e il colore che fanno per te, combina diversi vasi e aggiungi un tocco di modernità ai tuoi interni! Ispirato alla natura, prodotto grazie alla nostra turbina eolica, 100% riciclabile. Poiché la pianta d’appartamento entra direttamente con il suo vaso nella fioriera, non ti serve il terriccio. Comodissimo! Poiché è realizzata in plastica, la fioriera è a prova d’urto e impermeabile al 100%. Le brutte macchie sul tavolo appartengono al passato.'),
    ('Vasi e fioriere', 'Sottovaso Nicoli Domus Tondo', 2.10 , 20,'non specificato', 'non specificato', 'non specificato', 'non specificato', 'non specificato', 'Ø 24-26', 'non specificato', 'non specificato', 'non specificato', 'Sottovaso Nicoli Domus Tondo, una gamma di prodotti leggeri e resistenti, realizzati in polipropilene dedicati alla decorazione. Forme progettate per abbinare estetica e praticità, con colori vivaci e accorgimenti tratti dal mondo del florovivaismo. Realizzati con materiali amici dell’ambiente riciclabili al 100%.'),
    ('Vasi e fioriere', 'Cassetta Nicoli Primavera con Sottocassetta', 4.40 , 100,'non specificato', 'non specificato', 'non specificato', 'non specificato', 'non specificato', '60 x 17 cm', 'non specificato', 'non specificato', 'non specificato', 'Cassetta Nicoli Primavera completa di Sottocassetta, cassetta in plastica dalla forma iconica, senza tempo, per interni ed esterni. Con sottocassetta già integrata per formare la riserva d’acqua. Una gamma di prodotti leggeri e resistenti realizzati in polipropilene effetto matt, dedicati a chi apprezza la funzionalità. Forme progettate per abbinare estetica e praticità, con colori vivaci e accorgimenti tratti dal mondo del florovivaismo. Realizzati con materiali amici dell’ambiente riciclabili al 100%.'),
    ('Vasi e fioriere', 'Cassetta Nicoli Eden con Sottocassetta', 8.90 , 20, 'non specificato', 'non specificato', 'non specificato', 'non specificato', 'non specificato', '60 x 17 cm', 'non specificato', 'non specificato', 'non specificato', 'Cassetta Nicoli Eden completa di Sottocassetta, cassetta in plastica per interni ed esterni, con sottocassetta integrata per formare la riserva d’acqua. Balconiera pratica, resistente e versatile. Una gamma di prodotti leggeri e resistenti realizzati in polipropilene dedicati alla decorazione. Forme progettate per abbinare estetica e praticità, con colori vivaci e accorgimenti tratti dal mondo del florovivaismo. Realizzati con materiali amici dell’ambiente riciclabili al 100%.');


-- Inserimento gruppi --
INSERT INTO Gruppi (nomeGruppo, descrizioneGruppo)
VALUES
('Foresta Urbana', 'Amanti delle piante da interno? Questo è il posto giusto per esplorare come creare una foresta urbana nella propria casa.'),
('Piante Acquatiche', 'Esplora il mondo delle piante acquatiche, ideali per acquari, laghetti e giardini d’acqua. Scopri quali specie scegliere e come prendersene cura.'),
('Piante da Cucina', 'Scopri le piante utili in cucina: erbe aromatiche, piante officinali e ortaggi per coltivare sapore e salute direttamente a casa tua.'),
('Decorazioni', 'Idee per utilizzare vasi e piante come elementi decorativi per arricchire l’estetica degli interni ed esterni della tua casa.'),
('Fiori Ornamentali', 'Una guida sui fiori ornamentali più belli e profumati per il giardino e gli spazi interni, con suggerimenti su cura e design.');

-- Inserimento utenti --
INSERT INTO Utenti (email, nome, cognome, password_hash, admin_flag)
VALUES
('mariorossi@gmail.com', 'Mario', 'Rossi', SHA2('Mar1oRoss!', 256), 0),
('giannimorandi@libero.it', 'Gianni', 'Morandi', SHA2('Gianni', 256), 0),
('admin', 'admin', 'admin', SHA2('admin', 256), 1),
('michele.farneti23@gmail.com', 'Michele', 'Farneti', SHA2('1', 256), 0),
('gino.pino@gmail.com', 'Gino', 'Pino', SHA2('1', 256), 0),
('beatrice.ferrari@gmail.com', 'Beatrice', 'Ferrari', SHA2('BeaFerrari!23', 256), 0),
('elisabetta.verdi@gmail.com', 'Elisabetta', 'Verdi', SHA2('ElizaVerdi21@', 256), 0),
('xiaoju.chen@gmail.com', 'Xiaoju', 'Chen', SHA2('ChenXia345@', 256), 0),
('gisuarnaldo.getti@gmail.com', 'Gisuarnaldo', 'Getti', SHA2('GisuGetti5@', 256), 0);

INSERT INTO Carrello (id_utente,id_prodotto,quantita) 
VALUES 
('michele.farneti23@gmail.com','Adiantum hispidulum',2), 
('michele.farneti23@gmail.com','Beaucarnea recurvata',2);

-- inserimento delle recensioni --
INSERT INTO Recensioni (id_utente, id_prodotto, voto, commento, data_recensione)
VALUES
('mariorossi@gmail.com', 'Adiantum hispidulum', 4, 'Sono molto soddisfatto della pianta che ho acquistato. È stata imballata bene ed è arrivata intatta e, nonostante il riposo vegetativo, si vedeva che era in salute. Azienda seria e disponibile, mi è arrivata una piccola pianta in regalo che ho gradito molto. Grazie!', '2024-01-06'),
('giannimorandi@libero.it', 'Adiantum hispidulum', 5, 'Devo dire che mi sono trovato molto bene come mia prima esperienza. Conservervati e confezionati in modo eccellente grazie', '2024-08-26'),
('elisabetta.verdi@gmail.com', 'Narciso Large Cupped Ice Follies', 5, 'Ho atteso diversi mesi prima di lasciare la recensione. Le piante sono arrivate belle e dopo qualche mese sono diventate ancora piu belle e piene di fiori. Ho notato cura dei dettagli e passione, dal colore dei vasi corrispondente al colore dei fiori, al terriccio di qualitá, l’imballo, l’attenta scelta del giorno di spedizione e anche molto gentili con le risposte. Molto bravi. Vi siete meritati questa recensione.' ,'2024-08-17'),
('elisabetta.verdi@gmail.com', 'Camomilla (Semi)', 4, 'Le piante sono cresciute velocemente e sono molto robuste. Farò ancora sicuramente altri acquisti', '2024-10-02'),
('elisabetta.verdi@gmail.com', 'Goji rosso', 5, 'Piante perfette, in buono stato', '2024-10-03'),
('elisabetta.verdi@gmail.com', 'Erba cipollina', 5, 'Pianta perfetta in cucina', '2025-01-12'),
('elisabetta.verdi@gmail.com', 'Lysichiton camtschatcensis', 5, 'Competenti e gentilissimi. Imballo di spedizione perfetto', '2025-01-12'),
('elisabetta.verdi@gmail.com', 'Alocasia x amazonica “Polly”', 4, 'Piante molto belle, spedizione veloce, arrivate in perfette condizioni. Vivaio raccomandatissimo!', '2025-01-12'),
('elisabetta.verdi@gmail.com', 'Beaucarnea recurvata', 5, 'Semplicemente soddisfatto,piante sane, personale specializzato e cordiale. Hanno risolto in maniera impeccabile un problema che si era venuto a creare con gentilezza e professionalità. Comprerò ancora da loro.', '2023-07-12'),
('elisabetta.verdi@gmail.com', 'Poltrona Sdraio Spaghetti alluminio – Linea Fiam', 3, 'Ho ordinato 24 sedie di cui 17 difettose ( raschiate nei braccioli). Spero che non succeda più perchè mi sono sempre trovata molto bene con il sito', '2024-06-12'),
('gisuarnaldo.getti@gmail.com', 'Abies nordmanniana', 5, 'Ottimo acquisto comprerò ancora', '2023-03-12'),
('gisuarnaldo.getti@gmail.com', 'Codonanthe crassifolia', 4, 'La pianta che mi è arrivata è molto bella e in salute', '2024-01-12'),
('gisuarnaldo.getti@gmail.com', 'Begonia “Pendula White”', 3, 'Ho ordinato 6 piante, arrivate presto ed abbastanza ben confezionate', '2023-01-12'),
('gisuarnaldo.getti@gmail.com', 'Susino “California”', 5, 'Qualità impeccabile i frutti sono squisiti! Pianta molto consigliata','2024-01-12'),
('gisuarnaldo.getti@gmail.com', 'Ipomea batatas', 5, 'Disponibilità del personale e buone piante', '2025-01-11'),
('xiaoju.chen@gmail.com', 'Abies koreana', 5, 'Albero veramente molto bello.', '2025-01-12'),
('xiaoju.chen@gmail.com', 'Athyrium niponicum var. pictum “Burgundy Lace”', 4, 'Ho dato 4 stelle perché,sul sito era scritto che la spedizione veniva fatta entro 24/48 ore ,invece sono arrivate dopo 12 giorni. Del resto servizio clienti ottimo e cordiale. Piante ben imballate', '2025-02-01'),
('xiaoju.chen@gmail.com', 'Trichocereus macrogonus var. pachanoi', 5, 'Ho ordinato 4 piante, arrivate presto ed molto ben confezionate', '2023-01-12'),
('xiaoju.chen@gmail.com', 'Cassetta Nicoli Eden con Sottocassetta', 5, 'Vaso molto resistente', '2024-01-12'),
('xiaoju.chen@gmail.com', 'Susino “California”', 2, 'La pianta che mi è arrivata era appassita e non ha resistito al travaso. Ho chiesto il rimborso', '2025-01-12');


-- insermento delle notifiche --
INSERT INTO Notifiche (id_utente, data_notifica, messaggio)
VALUES
('gino.pino@gmail.com', '2025-01-11', 'Il pacco è in consegna, ci scusiamo per il ritardo'),
('gino.pino@gmail.com', '2025-01-11', 'Lorem Ipsum is simply dummy text of the printing and typesetting industry. Lorem Ipsum has been the industry standard dummy text ever since the 1500s, when an unknown printer took a galley of type and scrambled it to make a type specimen book. It has survived not only five centuries, but also the leap into electronic typesetting, remaining essentially unchanged. It was popularised in the 1960s with the release of Letraset sheets containing Lorem Ipsum passages, and more recently with desktop publishing software like Aldus PageMaker including versions of Lorem Ipsum.');

-- insermento appartenenze ai gruppi --
INSERT INTO Appartenenze (id_gruppo, id_prodotto)
VALUES
('Foresta Urbana','Adiantum hispidulum'),
('Foresta Urbana','Vaso VIBES FOLD COUPE'),
('Foresta Urbana','Beaucarnea recurvata'),
('Piante da Cucina','Maggiorana'),
('Piante da Cucina','Goji rosso'),
('Piante da Cucina','Smallanthus sonchifolius'),
('Decorazioni','Vaso VIBES FOLD COUPE'),
('Fiori Ornamentali','Adiantum hispidulum'),
('Fiori Ornamentali','Goji rosso'),
('Piante Acquatiche','Iris pseudacorus');

-- Inserimento metodi pagamento -- 
INSERT INTO MetodiPagamento (tipo_metodo)
VALUES
('Carta'),
('Paypal');

-- Inserimento altri prodotti --
INSERT INTO Prodotti (
        id_sottocategoria,
        nome_prodotto,
        prezzo,
        stock,
        nome_volgare,
        nome_scientifico,
        famiglia,
        genere,
        specie,
        dimensioni,
        profumo,
        tipologia_foglia,
        colore_foglia,
        descrizione
    )
VALUES
('Supporti di coltivazione', 'Cupolino', 7.90, 10, '', '', '', '', '', '', '', '', '', "Cupolino GREEN BASICS GROW HOUSE di Elho, serra per Vassoio da coltura GREEN BASICS GROW TRAY di Elho. Garantisce il miglior clima di crescita per la pianta, grazie al controller di ventilazione nella parte superiore, che consente di regolare la temperatura e la fornitura d'aria, in modo che le piante e le erbe inizino a crescere in poco tempo. Resistente ai raggi UV, si adatta a temperature fino a -40 °C. Facile da pulire ed indistruttibile. Tutti i prodotti sono realizzati in plastica riciclata.");


-- Inserimento indirizzi --
INSERT INTO Indirizzi (id_utente, via, citta, provincia, cap, nazione)
VALUES
('giannimorandi@libero.it', 'Manine 6', 'Bologna', 'BO', '46023', 'Italia'),
('giannimorandi@libero.it', 'Manone 5', 'Rimini', 'RN', '47921', 'Italia');

 -- UPDATE DEI VOTI ARTICOLI --
 UPDATE Prodotti P
 SET voto = (
    SELECT AVG(R.voto)
    FROM Recensioni R
    WHERE R.id_prodotto = P.nome_prodotto
 );